state,works,expenditure,high_risk,critical,avg_risk,avg_confidence
Uttar Pradesh,4570,2005171051.47,981,287,49.66116003790092,80.10601750547046
West Bengal,1565,837696790.38,490,205,53.51989322424371,81.04813631522896
Madhya Pradesh,1452,520531283.0,307,115,42.75055882429589,74.77109159779614
Tamil Nadu,716,663142463.0,280,155,55.35707649215882,77.2677490689013
Bihar,912,720125094.0,234,93,53.56398462971588,76.84137426900584
Kerala,416,172469748.0,217,93,68.91122714255533,76.76522435897435
Gujarat,776,174305180.0,193,80,47.00627459739704,72.82640678694158
Punjab,596,163931137.0,190,79,53.93137138445091,77.50433445190157
Rajasthan,508,263281240.1,181,71,61.473170198400204,83.02107939632545
Jharkhand,743,185617785.0,154,84,50.75686778152391,77.79138627187079
Maharashtra,279,247520026.0,151,86,71.78509279949425,76.9985065710872
Karnataka,404,224393835.0,135,53,59.13481148236887,72.26093234323432
Assam,234,123621732.0,127,50,73.00783236700234,76.39138176638176
Andhra Pradesh,459,218194794.0,81,65,39.96699781869144,78.7983841684822
Telangana,895,207592000.0,74,40,33.1724001547948,73.64534450651769
Chhattisgarh,592,282938319.5,68,11,44.13810113897846,79.85796734234233
Odisha,320,85209477.0,49,21,45.75426266402197,72.71614583333333
Meghalaya,128,54850000.0,34,7,51.35322894415624,74.74186197916666
Haryana,220,82568999.0,27,12,38.30431103836657,74.33996212121211
Arunachal Pradesh,47,48961737.0,27,6,71.41599413059429,92.93262411347517
Himachal Pradesh,162,40024912.0,23,6,35.77489197059943,69.66100823045267
Uttarakhand,33,16618561.0,13,6,62.075438547821825,68.93055555555554
Nagaland,32,84600000.0,12,0,61.02981003967043,84.8125
Goa,14,7341754.0,12,5,87.09795544705524,72.14583333333333
Sikkim,20,46071894.0,11,0,72.49862679279829,86.70416666666667
Mizoram,101,44747115.0,9,2,56.82485489928303,82.17161716171616
Puducherry,14,20875913.0,7,4,57.654649287240076,75.28273809523809
Delhi,22,14161380.0,6,3,47.835603517629764,71.83333333333331
Jammu And Kashmir,122,21969435.0,3,0,16.64854900273641,74.13831967213113
Tripura,2,5623303.0,1,0,73.22245956667683,71.16666666666666
Chandigarh,3,1894663.0,0,0,47.14779778252466,72.09722222222221
Manipur,28,68999057.0,0,0,44.777235276167225,66.63095238095238
